EXT1_01,N/A,null,null,null,null,EXT1_01
EXT1_02,N/A,null,null,null,null,EXT1_02
EXT1_03,N/A,null,null,null,null,EXT1_03
EXT1_04,N/A,null,null,null,null,EXT1_04
EXT1_05,N/A,null,null,null,null,EXT1_05
EXT1_06,N/A,null,null,null,null,EXT1_06
EXT1_07,N/A,null,null,null,null,EXT1_07
EXT1_08,N/A,null,null,null,null,EXT1_08
EXT1_09,N/A,null,null,null,null,EXT1_09
EXT1_10,N/A,null,null,null,null,EXT1_10
EXT1_11,N/A,null,null,null,null,EXT1_11
EXT1_12,N/A,null,null,null,null,EXT1_12
EXT1_13,N/A,null,null,null,null,EXT1_13
EXT1_14,N/A,null,null,null,null,EXT1_14
EXT1_15,N/A,null,null,null,null,EXT1_15
EXT1_16,N/A,null,null,null,null,EXT1_16
EXT1_17,N/A,null,null,null,null,EXT1_17
EXT1_18,N/A,null,null,null,null,EXT1_18
EXT1_19,N/A,null,null,null,null,EXT1_19
EXT1_20,N/A,null,null,null,null,EXT1_20
EXT1_21,N/A,null,null,null,null,EXT1_21
EXT1_22,N/A,null,null,null,null,EXT1_22
EXT1_23,N/A,null,null,null,null,EXT1_23
EXT1_24,N/A,null,null,null,null,EXT1_24
EXT1_25,N/A,null,null,null,null,EXT1_25
EXT1_26,N/A,null,null,null,null,EXT1_26
EXT1_27,N/A,null,null,null,null,EXT1_27
EXT1_28,N/A,null,null,null,null,EXT1_28
EXT1_29,N/A,null,null,null,null,EXT1_29
EXT1_30,N/A,null,null,null,null,EXT1_30
EXT1_31,N/A,null,null,null,null,EXT1_31
EXT1_32,N/A,null,null,null,null,EXT1_32
EXT1_33,N/A,null,null,null,null,EXT1_33
EXT1_34,N/A,null,null,null,null,EXT1_34
EXT1_35,N/A,null,null,null,null,EXT1_35
EXT1_36,N/A,null,null,null,null,EXT1_36
EXT1_37,N/A,null,null,null,null,EXT1_37
EXT1_38,N/A,null,null,null,null,EXT1_38
EXT1_39,N/A,null,null,null,null,EXT1_39
EXT1_40,N/A,null,null,null,null,EXT1_40
EXT2_01,N/A,null,null,null,null,EXT2_01
EXT2_02,N/A,null,null,null,null,EXT2_02
EXT2_03,N/A,null,null,null,null,EXT2_03
EXT2_04,N/A,null,null,null,null,EXT2_04
EXT2_05,N/A,null,null,null,null,EXT2_05
EXT2_06,N/A,null,null,null,null,EXT2_06
EXT2_07,N/A,null,null,null,null,EXT2_07
EXT2_08,N/A,null,null,null,null,EXT2_08
EXT2_09,N/A,null,null,null,null,EXT2_09
EXT2_10,N/A,null,null,null,null,EXT2_10
EXT2_11,N/A,null,null,null,null,EXT2_11
EXT2_12,N/A,null,null,null,null,EXT2_12
EXT2_13,N/A,null,null,null,null,EXT2_13
EXT2_14,N/A,null,null,null,null,EXT2_14
EXT2_15,N/A,null,null,null,null,EXT2_15
EXT2_16,N/A,null,null,null,null,EXT2_16
EXT2_17,N/A,null,null,null,null,EXT2_17
EXT2_18,N/A,null,null,null,null,EXT2_18
EXT2_19,N/A,null,null,null,null,EXT2_19
EXT2_20,N/A,null,null,null,null,EXT2_20
EXT2_21,N/A,null,null,null,null,EXT2_21
EXT2_22,N/A,null,null,null,null,EXT2_22
EXT2_23,N/A,null,null,null,null,EXT2_23
EXT2_24,N/A,null,null,null,null,EXT2_24
EXT2_25,N/A,null,null,null,null,EXT2_25
EXT2_26,N/A,null,null,null,null,EXT2_26
EXT2_27,N/A,null,null,null,null,EXT2_27
EXT2_28,N/A,null,null,null,null,EXT2_28
EXT2_29,N/A,null,null,null,null,EXT2_29
EXT2_30,N/A,null,null,null,null,EXT2_30
EXT2_31,N/A,null,null,null,null,EXT2_31
EXT2_32,N/A,null,null,null,null,EXT2_32
EXT2_33,N/A,null,null,null,null,EXT2_33
EXT2_34,N/A,null,null,null,null,EXT2_34
EXT2_35,N/A,null,null,null,null,EXT2_35
EXT2_36,N/A,null,null,null,null,EXT2_36
EXT2_37,N/A,null,null,null,null,EXT2_37
EXT2_38,N/A,null,null,null,null,EXT2_38
EXT2_39,N/A,null,null,null,null,EXT2_39
EXT2_40,N/A,null,null,null,null,EXT2_40
EXT3_01,N/A,null,null,null,null,EXT3_01
EXT3_02,N/A,null,null,null,null,EXT3_02
EXT3_03,N/A,null,null,null,null,EXT3_03
EXT3_04,N/A,null,null,null,null,EXT3_04
EXT3_05,N/A,null,null,null,null,EXT3_05
EXT3_06,N/A,null,null,null,null,EXT3_06
EXT3_07,N/A,null,null,null,null,EXT3_07
EXT3_08,N/A,null,null,null,null,EXT3_08
EXT3_09,N/A,null,null,null,null,EXT3_09
EXT3_10,N/A,null,null,null,null,EXT3_10
EXT3_11,N/A,null,null,null,null,EXT3_11
EXT3_12,N/A,null,null,null,null,EXT3_12
EXT3_13,N/A,null,null,null,null,EXT3_13
EXT3_14,N/A,null,null,null,null,EXT3_14
EXT3_15,N/A,null,null,null,null,EXT3_15
EXT3_16,N/A,null,null,null,null,EXT3_16
EXT3_17,N/A,null,null,null,null,EXT3_17
EXT3_18,N/A,null,null,null,null,EXT3_18
EXT3_19,N/A,null,null,null,null,EXT3_19
EXT3_20,N/A,null,null,null,null,EXT3_20
EXT3_21,N/A,null,null,null,null,EXT3_21
EXT3_22,N/A,null,null,null,null,EXT3_22
EXT3_23,N/A,null,null,null,null,EXT3_23
EXT3_24,N/A,null,null,null,null,EXT3_24
EXT3_25,N/A,null,null,null,null,EXT3_25
EXT3_26,N/A,null,null,null,null,EXT3_26
EXT3_27,N/A,null,null,null,null,EXT3_27
EXT3_28,N/A,null,null,null,null,EXT3_28
EXT3_29,N/A,null,null,null,null,EXT3_29
EXT3_30,N/A,null,null,null,null,EXT3_30
EXT3_31,N/A,null,null,null,null,EXT3_31
EXT3_32,N/A,null,null,null,null,EXT3_32
EXT3_33,N/A,null,null,null,null,EXT3_33
EXT3_34,N/A,null,null,null,null,EXT3_34
EXT3_35,N/A,null,null,null,null,EXT3_35
EXT3_36,N/A,null,null,null,null,EXT3_36
EXT3_37,N/A,null,null,null,null,EXT3_37
EXT3_38,N/A,null,null,null,null,EXT3_38
EXT3_39,N/A,null,null,null,null,EXT3_39
EXT3_40,N/A,null,null,null,null,EXT3_40
EXT4_01,N/A,null,null,null,null,EXT4_01
EXT4_02,N/A,null,null,null,null,EXT4_02
EXT4_03,N/A,null,null,null,null,EXT4_03
EXT4_04,N/A,null,null,null,null,EXT4_04
EXT4_05,N/A,null,null,null,null,EXT4_05
EXT4_06,N/A,null,null,null,null,EXT4_06
EXT4_07,N/A,null,null,null,null,EXT4_07
EXT4_08,N/A,null,null,null,null,EXT4_08
EXT4_09,N/A,null,null,null,null,EXT4_09
EXT4_10,N/A,null,null,null,null,EXT4_10
EXT4_11,N/A,null,null,null,null,EXT4_11
EXT4_12,N/A,null,null,null,null,EXT4_12
EXT4_13,N/A,null,null,null,null,EXT4_13
EXT4_14,N/A,null,null,null,null,EXT4_14
EXT4_15,N/A,null,null,null,null,EXT4_15
EXT4_16,N/A,null,null,null,null,EXT4_16
EXT4_17,N/A,null,null,null,null,EXT4_17
EXT4_18,N/A,null,null,null,null,EXT4_18
EXT4_19,N/A,null,null,null,null,EXT4_19
EXT4_20,N/A,null,null,null,null,EXT4_20
EXT4_21,N/A,null,null,null,null,EXT4_21
EXT4_22,N/A,null,null,null,null,EXT4_22
EXT4_23,N/A,null,null,null,null,EXT4_23
EXT4_24,N/A,null,null,null,null,EXT4_24
EXT4_25,N/A,null,null,null,null,EXT4_25
EXT4_26,N/A,null,null,null,null,EXT4_26
EXT4_27,N/A,null,null,null,null,EXT4_27
EXT4_28,N/A,null,null,null,null,EXT4_28
EXT4_29,N/A,null,null,null,null,EXT4_29
EXT4_30,N/A,null,null,null,null,EXT4_30
EXT4_31,N/A,null,null,null,null,EXT4_31
EXT4_32,N/A,null,null,null,null,EXT4_32
EXT4_33,N/A,null,null,null,null,EXT4_33
EXT4_34,N/A,null,null,null,null,EXT4_34
EXT4_35,N/A,null,null,null,null,EXT4_35
EXT4_36,N/A,null,null,null,null,EXT4_36
EXT4_37,N/A,null,null,null,null,EXT4_37
EXT4_38,N/A,null,null,null,null,EXT4_38
EXT4_39,N/A,null,null,null,null,EXT4_39
EXT4_40,N/A,null,null,null,null,EXT4_40
EXT5_01,N/A,null,null,null,null,EXT5_01
EXT5_02,N/A,null,null,null,null,EXT5_02
EXT5_03,N/A,null,null,null,null,EXT5_03
EXT5_04,N/A,null,null,null,null,EXT5_04
EXT5_05,N/A,null,null,null,null,EXT5_05
EXT5_06,N/A,null,null,null,null,EXT5_06
EXT5_07,N/A,null,null,null,null,EXT5_07
EXT5_08,N/A,null,null,null,null,EXT5_08
EXT5_09,N/A,null,null,null,null,EXT5_09
EXT5_10,N/A,null,null,null,null,EXT5_10
EXT5_11,N/A,null,null,null,null,EXT5_11
EXT5_12,N/A,null,null,null,null,EXT5_12
EXT5_13,N/A,null,null,null,null,EXT5_13
EXT5_14,N/A,null,null,null,null,EXT5_14
EXT5_15,N/A,null,null,null,null,EXT5_15
EXT5_16,N/A,null,null,null,null,EXT5_16
EXT5_17,N/A,null,null,null,null,EXT5_17
EXT5_18,N/A,null,null,null,null,EXT5_18
EXT5_19,N/A,null,null,null,null,EXT5_19
EXT5_20,N/A,null,null,null,null,EXT5_20
EXT5_21,N/A,null,null,null,null,EXT5_21
EXT5_22,N/A,null,null,null,null,EXT5_22
EXT5_23,N/A,null,null,null,null,EXT5_23
EXT5_24,N/A,null,null,null,null,EXT5_24
EXT5_25,N/A,null,null,null,null,EXT5_25
EXT5_26,N/A,null,null,null,null,EXT5_26
EXT5_27,N/A,null,null,null,null,EXT5_27
EXT5_28,N/A,null,null,null,null,EXT5_28
EXT5_29,N/A,null,null,null,null,EXT5_29
EXT5_30,N/A,null,null,null,null,EXT5_30
EXT5_31,N/A,null,null,null,null,EXT5_31
EXT5_32,N/A,null,null,null,null,EXT5_32
EXT5_33,N/A,null,null,null,null,EXT5_33
EXT5_34,N/A,null,null,null,null,EXT5_34
EXT5_35,N/A,null,null,null,null,EXT5_35
EXT5_36,N/A,null,null,null,null,EXT5_36
EXT5_37,N/A,null,null,null,null,EXT5_37
EXT5_38,N/A,null,null,null,null,EXT5_38
EXT5_39,N/A,null,null,null,null,EXT5_39
EXT5_40,N/A,null,null,null,null,EXT5_40
